{
  "info": {
    "name": "CarBazar MongoDB API",
    "description": "Complete API collection for CarBazar with MongoDB integration",
    "schema": "https://schema.getpostman.com/json/collection/v2.1.0/collection.json"
  },
  "item": [
    {
      "name": "Authentication",
      "item": [
        {
          "name": "User Login",
          "request": {
            "method": "POST",
            "header": [
              {
                "key": "Content-Type",
                "value": "application/json"
              }
            ],
            "body": {
              "mode": "raw",
              "raw": "{\n  \"email\": \"ananya.sharma@email.com\",\n  \"password\": \"password123\"\n}"
            },
            "url": {
              "raw": "http://localhost/carbazar/backend/mongo_login.php",
              "protocol": "http",
              "host": ["localhost"],
              "path": ["carbazar", "backend", "mongo_login.php"]
            }
          }
        },
        {
          "name": "User Signup",
          "request": {
            "method": "POST",
            "header": [
              {
                "key": "Content-Type",
                "value": "application/json"
              }
            ],
            "body": {
              "mode": "raw",
              "raw": "{\n  \"name\": \"John Doe\",\n  \"email\": \"john.doe@email.com\",\n  \"password\": \"securepassword123\"\n}"
            },
            "url": {
              "raw": "http://localhost/carbazar/backend/mongo_signup.php",
              "protocol": "http",
              "host": ["localhost"],
              "path": ["carbazar", "backend", "mongo_signup.php"]
            }
          }
        }
      ]
    },
    {
      "name": "Cars Management",
      "item": [
        {
          "name": "Get All Cars",
          "request": {
            "method": "GET",
            "url": {
              "raw": "http://localhost/carbazar/backend/mongo_cars.php",
              "protocol": "http",
              "host": ["localhost"],
              "path": ["carbazar", "backend", "mongo_cars.php"]
            }
          }
        },
        {
          "name": "Add New Car",
          "request": {
            "method": "POST",
            "header": [
              {
                "key": "Content-Type",
                "value": "application/json"
              }
            ],
            "body": {
              "mode": "raw",
              "raw": "{\n  \"brand\": \"Mercedes-Benz\",\n  \"model\": \"S-Class\",\n  \"year\": 2023,\n  \"price\": 95000.00,\n  \"mileage\": 15000,\n  \"fuel_type\": \"Petrol\",\n  \"transmission\": \"Automatic\",\n  \"description\": \"Luxury sedan with premium features\"\n}"
            },
            "url": {
              "raw": "http://localhost/carbazar/backend/mongo_cars.php",
              "protocol": "http",
              "host": ["localhost"],
              "path": ["carbazar", "backend", "mongo_cars.php"]
            }
          }
        }
      ]
    }
  ]
}